{"count":1,"self":430.22325759999995,"total":2284.7029829999997,"children":{"InitializeActuators":{"count":25,"self":0.0009993,"total":0.0009993,"children":null},"InitializeSensors":{"count":25,"self":0,"total":0,"children":null},"AgentSendState":{"count":998884,"self":2.6826356,"total":23.045357499999998,"children":{"CollectObservations":{"count":4994425,"self":7.0357271999999993,"total":7.035727,"children":null},"WriteActionMask":{"count":4994425,"self":0.37201409999999996,"total":0.37201409999999996,"children":null},"RequestDecision":{"count":4994425,"self":3.8690691999999998,"total":12.954980899999999,"children":{"AgentInfo.ToProto":{"count":4994425,"self":2.5866612,"total":9.0859118,"children":{"GenerateSensorData":{"count":4994425,"self":6.4992507999999996,"total":6.4992506999999993,"children":null}}}}}}},"DecideAction":{"count":998884,"self":1757.473792,"total":1757.4738485,"children":null},"AgentAct":{"count":998884,"self":73.9399552,"total":73.959520599999991,"children":{"AgentInfo.ToProto":{"count":5174,"self":0.0055079,"total":0.0195642,"children":{"GenerateSensorData":{"count":5174,"self":0.014056299999999999,"total":0.014056299999999999,"children":null}}}}}},"gauges":{"SimpleFoodAndWaterGatherer.CumulativeReward":{"count":5174,"max":152.794373,"min":-9.667341,"runningAverage":15.6758957,"value":75.6116,"weightedAverage":41.8525238}},"metadata":{"timer_format_version":"0.1.0","start_time_seconds":"1751646120","unity_version":"6000.0.38f1","command_line_arguments":"C:\\Program Files\\Unity\\Hub\\Editor\\6000.0.38f1\\Editor\\Unity.exe -projectpath C:\\alternate-simulation\\main\\projects\\1-survival-agent\\1.1-gatherer-agent -useHub -hubIPC -cloudEnvironment production","communication_protocol_version":"1.5.0","com.unity.ml-agents_version":"3.0.0","scene_name":"SimpleFoodandWaterGatherer","end_time_seconds":"1751648404"}}